,Rank,Player,Tm,Pos,Age,G,GS,Cmp,PassingAtt,PassingYDs,Int,RushingAtt,RushingYDs,Tgt,Rec,ReceivingYDs,Y/R,Fumbles,FumblesLost,PassingYds,PassingTD,PassingAtt,RushingYds,RushingTD,RushingAtt,ReceivingYds,ReceivingTD,FantasyPoints,Year,PreRank,ADP
0,1,Todd Gurley,LAR,RB,23.0,15.0,15.0,0.0,0.0,0.0,0.0,279.0,1305.0,87.0,64.0,788.0,12.31,5.0,2.0,0.0,0.0,0.0,1305.0,13.0,279.0,788.0,6.0,351.3,2017,16.0,18.0
1,2,Le'Veon Bell,PIT,RB,25.0,15.0,15.0,0.0,0.0,0.0,0.0,321.0,1291.0,106.0,85.0,655.0,7.71,3.0,2.0,0.0,0.0,0.0,1291.0,9.0,321.0,655.0,2.0,299.1,2017,2.0,2.0
2,3,Kareem Hunt,KAN,RB,22.0,16.0,16.0,0.0,0.0,0.0,0.0,272.0,1327.0,63.0,53.0,455.0,8.58,1.0,1.0,0.0,0.0,0.0,1327.0,8.0,272.0,455.0,3.0,268.7,2017,32.0,44.0
3,4,Alvin Kamara,NOR,RB,22.0,16.0,3.0,0.0,0.0,0.0,0.0,120.0,728.0,100.0,81.0,826.0,10.2,1.0,1.0,0.0,0.0,0.0,728.0,8.0,120.0,826.0,5.0,271.9,2017,164.0,184.0
4,5,Melvin Gordon,LAC,RB,24.0,16.0,16.0,0.0,0.0,0.0,0.0,284.0,1105.0,83.0,58.0,476.0,8.21,1.0,0.0,0.0,0.0,0.0,1105.0,8.0,284.0,476.0,4.0,259.1,2017,7.0,8.0
5,6,DeAndre Hopkins,HOU,WR,25.0,15.0,15.0,0.0,0.0,0.0,0.0,0.0,0.0,174.0,96.0,1378.0,14.35,1.0,1.0,0.0,0.0,0.0,0.0,0.0,0.0,1378.0,13.0,261.8,2017,27.0,32.0
6,7,Antonio Brown,PIT,WR,29.0,14.0,14.0,0.0,0.0,0.0,0.0,0.0,0.0,163.0,101.0,1533.0,15.18,4.0,0.0,0.0,0.0,0.0,0.0,0.0,0.0,1533.0,9.0,257.8,2017,3.0,3.0
7,9,Russell Wilson,SEA,QB,29.0,16.0,16.0,339.0,553.0,3983.0,11.0,95.0,586.0,0.0,0.0,0.0,0.0,14.0,3.0,3983.0,34.0,553.0,586.0,3.0,95.0,0.0,0.0,343.92,2017,54.0,54.0
8,10,LeSean McCoy,BUF,RB,29.0,16.0,16.0,0.0,0.0,0.0,0.0,287.0,1138.0,77.0,59.0,448.0,7.59,3.0,1.0,0.0,0.0,0.0,1138.0,6.0,287.0,448.0,2.0,234.10000000000002,2017,5.0,5.0
9,11,Rob Gronkowski,NWE,TE,28.0,14.0,14.0,0.0,0.0,0.0,0.0,0.0,0.0,105.0,69.0,1084.0,15.71,1.0,0.0,0.0,0.0,0.0,0.0,0.0,0.0,1084.0,8.0,190.9,2017,22.0,20.0
10,12,Travis Kelce,KAN,TE,28.0,15.0,15.0,0.0,1.0,0.0,1.0,2.0,7.0,122.0,83.0,1038.0,12.51,0.0,0.0,0.0,0.0,1.0,7.0,0.0,2.0,1038.0,8.0,192.0,2017,37.0,36.0
11,13,Leonard Fournette,JAX,RB,22.0,13.0,13.0,0.0,0.0,0.0,0.0,268.0,1040.0,48.0,36.0,302.0,8.39,2.0,0.0,0.0,0.0,0.0,1040.0,9.0,268.0,302.0,1.0,212.2,2017,23.0,24.0
12,14,Keenan Allen,LAC,WR,25.0,16.0,15.0,0.0,0.0,0.0,0.0,2.0,9.0,159.0,102.0,1393.0,13.66,1.0,0.0,0.0,0.0,0.0,9.0,0.0,2.0,1393.0,6.0,227.2,2017,38.0,41.0
13,15,Tyreek Hill,KAN,WR,23.0,15.0,13.0,0.0,1.0,0.0,1.0,17.0,59.0,105.0,75.0,1183.0,15.77,2.0,0.0,0.0,0.0,1.0,59.0,0.0,17.0,1183.0,7.0,201.7,2017,51.0,49.0
14,16,Marvin Jones,DET,WR,27.0,16.0,16.0,0.0,0.0,0.0,0.0,0.0,0.0,107.0,61.0,1101.0,18.05,0.0,0.0,0.0,0.0,0.0,0.0,0.0,0.0,1101.0,9.0,194.6,2017,119.0,120.0
15,17,Julio Jones,ATL,WR,28.0,16.0,16.0,0.0,0.0,0.0,0.0,1.0,15.0,148.0,88.0,1444.0,16.41,0.0,0.0,0.0,0.0,0.0,15.0,0.0,1.0,1444.0,3.0,207.9,2017,4.0,4.0
16,18,Ezekiel Elliott,DAL,RB,22.0,10.0,10.0,0.0,0.0,0.0,0.0,242.0,983.0,38.0,26.0,269.0,10.35,1.0,1.0,0.0,0.0,0.0,983.0,7.0,242.0,269.0,2.0,190.2,2017,18.0,14.0
17,19,Jordan Howard,CHI,RB,23.0,16.0,16.0,0.0,0.0,0.0,0.0,276.0,1122.0,32.0,23.0,125.0,5.43,1.0,1.0,0.0,0.0,0.0,1122.0,9.0,276.0,125.0,0.0,188.2,2017,13.0,15.0
18,20,Carlos Hyde,SFO,RB,27.0,16.0,16.0,0.0,0.0,0.0,0.0,240.0,938.0,88.0,59.0,350.0,5.93,2.0,1.0,0.0,0.0,0.0,938.0,8.0,240.0,350.0,0.0,204.3,2017,28.0,35.0
19,21,Zach Ertz,PHI,TE,27.0,14.0,13.0,0.0,0.0,0.0,0.0,0.0,0.0,110.0,74.0,824.0,11.14,1.0,1.0,0.0,0.0,0.0,0.0,0.0,0.0,824.0,8.0,165.4,2017,87.0,89.0
20,22,Brandin Cooks,NWE,WR,24.0,16.0,15.0,0.0,0.0,0.0,0.0,9.0,40.0,114.0,65.0,1082.0,16.65,0.0,0.0,0.0,0.0,0.0,40.0,0.0,9.0,1082.0,7.0,186.7,2017,20.0,22.0
21,23,Cam Newton,CAR,QB,28.0,16.0,16.0,291.0,492.0,3302.0,16.0,139.0,754.0,0.0,0.0,0.0,0.0,9.0,1.0,3302.0,22.0,492.0,754.0,6.0,139.0,0.0,0.0,297.48,2017,82.0,69.0
22,24,Dion Lewis,NWE,RB,27.0,16.0,8.0,0.0,0.0,0.0,0.0,180.0,896.0,35.0,32.0,214.0,6.69,0.0,0.0,0.0,0.0,0.0,896.0,6.0,180.0,214.0,3.0,181.0,2017,188.0,183.0
23,25,Michael Thomas,NOR,WR,24.0,16.0,14.0,0.0,0.0,0.0,0.0,0.0,0.0,149.0,104.0,1245.0,11.97,0.0,0.0,0.0,0.0,0.0,0.0,0.0,0.0,1245.0,5.0,206.5,2017,14.0,17.0
24,26,Larry Fitzgerald,ARI,WR,34.0,16.0,16.0,1.0,1.0,21.0,0.0,0.0,0.0,161.0,109.0,1156.0,10.61,1.0,1.0,21.0,0.0,1.0,0.0,0.0,0.0,1156.0,6.0,204.94,2017,53.0,58.0
25,27,A.J. Green,CIN,WR,29.0,16.0,16.0,0.0,0.0,0.0,0.0,0.0,0.0,143.0,75.0,1078.0,14.37,2.0,2.0,0.0,0.0,0.0,0.0,0.0,0.0,1078.0,8.0,189.3,2017,9.0,10.0
26,28,Tom Brady,NWE,QB,40.0,16.0,16.0,385.0,581.0,4577.0,8.0,25.0,28.0,0.0,0.0,0.0,0.0,7.0,3.0,4577.0,32.0,581.0,28.0,0.0,25.0,0.0,0.0,291.88000000000005,2017,36.0,21.0
27,29,Alex Smith,KAN,QB,33.0,15.0,15.0,341.0,505.0,4042.0,5.0,60.0,355.0,0.0,0.0,0.0,0.0,2.0,1.0,4042.0,26.0,505.0,355.0,1.0,60.0,0.0,0.0,295.18,2017,177.0,215.0
28,30,Adam Thielen,MIN,WR,27.0,16.0,16.0,0.0,0.0,0.0,0.0,1.0,11.0,142.0,91.0,1276.0,14.02,3.0,2.0,0.0,0.0,0.0,11.0,0.0,1.0,1276.0,4.0,194.2,2017,105.0,117.0
29,31,Davante Adams,GNB,WR,25.0,14.0,14.0,0.0,0.0,0.0,0.0,0.0,0.0,117.0,74.0,885.0,11.96,0.0,0.0,0.0,0.0,0.0,0.0,0.0,0.0,885.0,10.0,185.5,2017,43.0,43.0
30,32,Doug Baldwin,SEA,WR,29.0,16.0,16.0,0.0,0.0,0.0,0.0,2.0,-8.0,116.0,75.0,991.0,13.21,0.0,0.0,0.0,0.0,0.0,-8.0,0.0,2.0,991.0,8.0,183.8,2017,21.0,25.0
31,33,Devonta Freeman,ATL,RB,25.0,14.0,14.0,0.0,0.0,0.0,0.0,196.0,865.0,47.0,36.0,317.0,8.81,4.0,1.0,0.0,0.0,0.0,865.0,7.0,196.0,317.0,1.0,182.2,2017,10.0,7.0
32,34,Jarvis Landry,MIA,WR,25.0,16.0,16.0,0.0,1.0,0.0,0.0,1.0,-7.0,161.0,112.0,987.0,8.81,4.0,2.0,0.0,0.0,1.0,-7.0,0.0,1.0,987.0,9.0,204.0,2017,66.0,55.0
33,35,Jimmy Graham,SEA,TE,31.0,16.0,13.0,0.0,0.0,0.0,0.0,0.0,0.0,96.0,57.0,520.0,9.12,0.0,0.0,0.0,0.0,0.0,0.0,0.0,0.0,520.0,10.0,140.5,2017,60.0,53.0
34,36,Lamar Miller,HOU,RB,26.0,16.0,13.0,0.0,0.0,0.0,0.0,238.0,888.0,45.0,36.0,327.0,9.08,1.0,0.0,0.0,0.0,0.0,888.0,3.0,238.0,327.0,3.0,175.5,2017,26.0,29.0
35,37,JuJu Smith-Schuster,PIT,WR,21.0,14.0,7.0,0.0,0.0,0.0,0.0,0.0,0.0,79.0,58.0,917.0,15.81,0.0,0.0,0.0,0.0,0.0,0.0,0.0,0.0,917.0,7.0,162.7,2017,276.0,296.0
36,38,Alshon Jeffery,PHI,WR,27.0,16.0,16.0,0.0,0.0,0.0,0.0,0.0,0.0,120.0,57.0,789.0,13.84,0.0,0.0,0.0,0.0,0.0,0.0,0.0,0.0,789.0,9.0,161.4,2017,34.0,38.0
37,39,Evan Engram,NYG,TE,23.0,15.0,11.0,0.0,0.0,0.0,0.0,1.0,14.0,115.0,64.0,722.0,11.28,0.0,0.0,0.0,0.0,0.0,14.0,0.0,1.0,722.0,6.0,141.6,2017,173.0,181.0
38,40,Carson Wentz,PHI,QB,25.0,13.0,13.0,265.0,440.0,3296.0,7.0,64.0,299.0,0.0,0.0,0.0,0.0,9.0,3.0,3296.0,33.0,440.0,299.0,0.0,64.0,0.0,0.0,273.74,2017,127.0,143.0
39,41,Robby Anderson,NYJ,WR,24.0,16.0,15.0,0.0,0.0,0.0,0.0,3.0,9.0,114.0,63.0,941.0,14.94,0.0,0.0,0.0,0.0,0.0,9.0,0.0,3.0,941.0,7.0,168.5,2017,152.0,179.0
40,42,Stefon Diggs,MIN,WR,24.0,14.0,14.0,0.0,0.0,0.0,0.0,8.0,13.0,95.0,64.0,849.0,13.27,0.0,0.0,0.0,0.0,0.0,13.0,0.0,8.0,849.0,8.0,166.2,2017,62.0,65.0
41,43,Kirk Cousins,WAS,QB,29.0,16.0,16.0,347.0,540.0,4093.0,13.0,49.0,179.0,0.0,0.0,0.0,0.0,13.0,5.0,4093.0,27.0,540.0,179.0,4.0,49.0,0.0,0.0,277.62,2017,71.0,77.0
42,44,Christian McCaffrey,CAR,RB,21.0,16.0,10.0,0.0,0.0,0.0,0.0,117.0,435.0,113.0,80.0,651.0,8.14,2.0,1.0,0.0,0.0,0.0,435.0,2.0,117.0,651.0,5.0,188.6,2017,39.0,27.0
43,45,Golden Tate,DET,WR,29.0,16.0,12.0,0.0,0.0,0.0,0.0,5.0,22.0,120.0,92.0,1003.0,10.9,1.0,1.0,0.0,0.0,0.0,22.0,0.0,5.0,1003.0,5.0,176.5,2017,49.0,57.0
44,46,Mike Evans,TAM,WR,24.0,15.0,15.0,0.0,0.0,0.0,0.0,0.0,0.0,136.0,71.0,1001.0,14.1,1.0,0.0,0.0,0.0,0.0,0.0,0.0,0.0,1001.0,5.0,165.6,2017,8.0,9.0
45,47,Devin Funchess,CAR,WR,23.0,16.0,16.0,0.0,0.0,0.0,0.0,0.0,0.0,111.0,63.0,840.0,13.33,0.0,0.0,0.0,0.0,0.0,0.0,0.0,0.0,840.0,8.0,163.5,2017,174.0,235.0
46,49,C.J. Anderson,DEN,RB,26.0,16.0,16.0,0.0,0.0,0.0,0.0,245.0,1007.0,40.0,28.0,224.0,8.0,1.0,1.0,0.0,0.0,0.0,1007.0,3.0,245.0,224.0,1.0,159.1,2017,48.0,46.0
47,50,Kyle Rudolph,MIN,TE,28.0,16.0,16.0,0.0,0.0,0.0,0.0,0.0,0.0,81.0,57.0,532.0,9.33,0.0,0.0,0.0,0.0,0.0,0.0,0.0,0.0,532.0,8.0,129.7,2017,80.0,76.0
48,51,Delanie Walker,TEN,TE,33.0,16.0,11.0,0.0,0.0,0.0,0.0,2.0,-2.0,111.0,74.0,807.0,10.91,2.0,2.0,0.0,0.0,0.0,-2.0,1.0,2.0,807.0,3.0,137.5,2017,84.0,78.0
49,52,Matthew Stafford,DET,QB,29.0,16.0,16.0,371.0,565.0,4446.0,10.0,29.0,98.0,0.0,0.0,0.0,0.0,11.0,7.0,4446.0,29.0,565.0,98.0,0.0,29.0,0.0,0.0,269.64000000000004,2017,101.0,104.0
50,53,Frank Gore,IND,RB,34.0,16.0,16.0,0.0,0.0,0.0,0.0,261.0,961.0,38.0,29.0,245.0,8.45,3.0,0.0,0.0,0.0,0.0,961.0,3.0,261.0,245.0,1.0,159.1,2017,67.0,73.0
51,54,Marshawn Lynch,OAK,RB,31.0,15.0,15.0,0.0,0.0,0.0,0.0,207.0,891.0,31.0,20.0,151.0,7.55,1.0,1.0,0.0,0.0,0.0,891.0,7.0,207.0,151.0,0.0,154.2,2017,33.0,26.0
52,55,Latavius Murray,MIN,RB,27.0,16.0,11.0,0.0,0.0,0.0,0.0,216.0,842.0,17.0,15.0,103.0,6.87,1.0,0.0,0.0,0.0,0.0,842.0,8.0,216.0,103.0,0.0,150.0,2017,142.0,134.0
53,56,Philip Rivers,LAC,QB,36.0,16.0,16.0,360.0,575.0,4515.0,10.0,18.0,-2.0,0.0,0.0,0.0,0.0,8.0,1.0,4515.0,28.0,575.0,-2.0,0.0,18.0,0.0,0.0,270.40000000000003,2017,97.0,110.0
54,57,Duke Johnson,CLE,RB,24.0,16.0,0.0,0.0,0.0,0.0,0.0,82.0,348.0,93.0,74.0,693.0,9.36,4.0,2.0,0.0,0.0,0.0,348.0,4.0,82.0,693.0,3.0,179.1,2017,112.0,115.0
55,58,Nelson Agholor,PHI,WR,24.0,16.0,10.0,0.0,0.0,0.0,0.0,1.0,7.0,95.0,62.0,768.0,12.39,0.0,0.0,0.0,0.0,0.0,7.0,0.0,1.0,768.0,8.0,156.5,2017,225.0,280.0
56,59,Tevin Coleman,ATL,RB,24.0,15.0,3.0,0.0,0.0,0.0,0.0,156.0,628.0,39.0,27.0,299.0,11.07,1.0,0.0,0.0,0.0,0.0,628.0,5.0,156.0,299.0,3.0,154.2,2017,63.0,63.0
57,60,Cameron Brate,TAM,TE,26.0,16.0,6.0,0.0,0.0,0.0,0.0,0.0,0.0,77.0,48.0,591.0,12.31,1.0,0.0,0.0,0.0,0.0,0.0,0.0,0.0,591.0,6.0,119.1,2017,140.0,161.0
58,61,Demaryius Thomas,DEN,WR,30.0,16.0,16.0,0.0,0.0,0.0,0.0,0.0,0.0,140.0,83.0,949.0,11.43,1.0,1.0,0.0,0.0,0.0,0.0,0.0,0.0,949.0,5.0,164.4,2017,29.0,37.0
59,62,T.Y. Hilton,IND,WR,28.0,16.0,16.0,0.0,0.0,0.0,0.0,0.0,0.0,109.0,57.0,966.0,16.95,2.0,1.0,0.0,0.0,0.0,0.0,0.0,0.0,966.0,4.0,147.1,2017,25.0,28.0
60,63,Drew Brees,NOR,QB,38.0,16.0,16.0,386.0,536.0,4334.0,8.0,33.0,12.0,0.0,0.0,0.0,0.0,5.0,0.0,4334.0,23.0,536.0,12.0,2.0,33.0,0.0,0.0,262.56,2017,41.0,31.0
61,64,Jack Doyle,IND,TE,27.0,15.0,15.0,0.0,0.0,0.0,0.0,0.0,0.0,108.0,80.0,690.0,8.63,2.0,2.0,0.0,0.0,0.0,0.0,0.0,0.0,690.0,4.0,129.0,2017,118.0,122.0
62,65,Dez Bryant,DAL,WR,29.0,16.0,16.0,0.0,0.0,0.0,0.0,1.0,-4.0,132.0,69.0,838.0,12.14,1.0,1.0,0.0,0.0,0.0,-4.0,0.0,1.0,838.0,6.0,151.9,2017,17.0,19.0
63,66,Kenny Stills,MIA,WR,25.0,16.0,16.0,0.0,0.0,0.0,0.0,0.0,0.0,105.0,58.0,847.0,14.6,4.0,2.0,0.0,0.0,0.0,0.0,0.0,0.0,847.0,6.0,145.7,2017,148.0,174.0
64,67,Ben Roethlisberger,PIT,QB,35.0,15.0,15.0,360.0,561.0,4251.0,14.0,28.0,47.0,0.0,0.0,0.0,0.0,3.0,1.0,4251.0,28.0,561.0,47.0,0.0,28.0,0.0,0.0,256.73999999999995,2017,90.0,94.0
65,68,Dak Prescott,DAL,QB,24.0,16.0,16.0,308.0,490.0,3324.0,13.0,57.0,357.0,0.0,0.0,0.0,0.0,4.0,3.0,3324.0,22.0,490.0,357.0,6.0,57.0,0.0,0.0,260.66,2017,95.0,92.0
66,69,DeMarco Murray,TEN,RB,29.0,15.0,15.0,0.0,0.0,0.0,0.0,184.0,659.0,47.0,39.0,266.0,6.82,1.0,1.0,0.0,0.0,0.0,659.0,6.0,184.0,266.0,1.0,152.0,2017,15.0,11.0
67,70,Cooper Kupp,LAR,WR,24.0,15.0,6.0,0.0,1.0,0.0,0.0,0.0,0.0,94.0,62.0,869.0,14.02,1.0,1.0,0.0,0.0,1.0,0.0,0.0,0.0,869.0,5.0,145.9,2017,171.0,160.0
68,71,Michael Crabtree,OAK,WR,30.0,14.0,14.0,0.0,0.0,0.0,0.0,0.0,0.0,101.0,58.0,618.0,10.66,1.0,0.0,0.0,0.0,0.0,0.0,0.0,0.0,618.0,8.0,138.8,2017,44.0,45.0
69,72,Jason Witten,DAL,TE,35.0,16.0,16.0,0.0,0.0,0.0,0.0,0.0,0.0,87.0,63.0,560.0,8.89,1.0,1.0,0.0,0.0,0.0,0.0,0.0,0.0,560.0,5.0,115.5,2017,138.0,142.0
70,73,Marquise Goodwin,SFO,WR,27.0,16.0,16.0,0.0,0.0,0.0,0.0,4.0,44.0,105.0,56.0,962.0,17.18,0.0,0.0,0.0,0.0,0.0,44.0,0.0,4.0,962.0,2.0,140.6,2017,247.0,353.0
71,75,Jermaine Kearse,NYJ,WR,27.0,16.0,14.0,0.0,0.0,0.0,0.0,0.0,0.0,102.0,65.0,810.0,12.46,1.0,0.0,0.0,0.0,0.0,0.0,0.0,0.0,810.0,5.0,143.5,2017,265.0,285.0
72,76,Jared Goff,LAR,QB,23.0,15.0,15.0,296.0,477.0,3804.0,7.0,28.0,51.0,0.0,0.0,0.0,0.0,8.0,3.0,3804.0,28.0,477.0,51.0,1.0,28.0,0.0,0.0,255.26,2017,216.0,282.0
73,77,Hunter Henry,LAC,TE,23.0,14.0,13.0,0.0,0.0,0.0,0.0,0.0,0.0,62.0,45.0,579.0,12.87,0.0,0.0,0.0,0.0,0.0,0.0,0.0,0.0,579.0,4.0,104.4,2017,104.0,106.0
74,79,Blake Bortles,JAX,QB,25.0,16.0,16.0,315.0,523.0,3687.0,13.0,57.0,322.0,0.0,0.0,0.0,0.0,9.0,3.0,3687.0,21.0,523.0,322.0,2.0,57.0,0.0,0.0,243.68,2017,181.0,238.0
75,81,Matt Ryan,ATL,QB,32.0,16.0,16.0,342.0,529.0,4095.0,12.0,32.0,143.0,0.0,0.0,0.0,0.0,4.0,3.0,4095.0,20.0,529.0,143.0,0.0,32.0,0.0,0.0,228.1,2017,61.0,40.0
76,82,Tyrod Taylor,BUF,QB,28.0,15.0,14.0,263.0,420.0,2799.0,4.0,84.0,427.0,0.0,0.0,0.0,0.0,4.0,2.0,2799.0,14.0,420.0,427.0,4.0,84.0,0.0,0.0,222.66,2017,128.0,149.0
77,83,Andy Dalton,CIN,QB,30.0,16.0,16.0,297.0,496.0,3320.0,12.0,38.0,99.0,0.0,0.0,0.0,0.0,4.0,4.0,3320.0,25.0,496.0,99.0,0.0,38.0,0.0,0.0,210.7,2017,111.0,145.0
78,84,Marcus Mariota,TEN,QB,24.0,15.0,15.0,281.0,453.0,3232.0,15.0,60.0,312.0,0.0,0.0,0.0,0.0,2.0,1.0,3232.0,13.0,453.0,312.0,5.0,60.0,0.0,0.0,210.48,2017,72.0,67.0
79,86,Derek Carr,OAK,QB,26.0,15.0,15.0,323.0,515.0,3496.0,13.0,23.0,66.0,0.0,0.0,0.0,0.0,8.0,3.0,3496.0,22.0,515.0,66.0,0.0,23.0,0.0,0.0,202.44,2017,89.0,75.0
80,87,Josh McCown,NYJ,QB,38.0,13.0,13.0,267.0,397.0,2926.0,9.0,37.0,124.0,0.0,0.0,0.0,0.0,11.0,4.0,2926.0,18.0,397.0,124.0,5.0,37.0,0.0,0.0,205.44000000000003,2017,267.0,298.0
81,88,Jameis Winston,TAM,QB,23.0,13.0,13.0,282.0,442.0,3504.0,11.0,33.0,135.0,0.0,0.0,0.0,0.0,15.0,7.0,3504.0,19.0,442.0,135.0,1.0,33.0,0.0,0.0,199.66,2017,78.0,71.0
82,89,Eli Manning,NYG,QB,36.0,15.0,15.0,352.0,571.0,3468.0,13.0,12.0,26.0,0.0,0.0,0.0,0.0,11.0,5.0,3468.0,19.0,571.0,26.0,1.0,12.0,0.0,0.0,187.32,2017,117.0,132.0
83,90,Joe Flacco,BAL,QB,32.0,16.0,16.0,352.0,549.0,3141.0,13.0,25.0,54.0,0.0,0.0,0.0,0.0,6.0,0.0,3141.0,18.0,549.0,54.0,1.0,25.0,0.0,0.0,183.04,2017,159.0,209.0
84,91,DeShone Kizer,CLE,QB,21.0,15.0,15.0,255.0,476.0,2894.0,22.0,77.0,419.0,0.0,0.0,0.0,0.0,9.0,6.0,2894.0,11.0,476.0,419.0,5.0,77.0,0.0,0.0,175.66,2017,222.0,260.0
85,92,Deshaun Watson,HOU,QB,22.0,7.0,6.0,126.0,204.0,1699.0,8.0,36.0,269.0,0.0,0.0,0.0,0.0,3.0,1.0,1699.0,19.0,204.0,269.0,2.0,36.0,0.0,0.0,164.86,2017,257.0,187.0
86,93,Jay Cutler,MIA,QB,34.0,14.0,14.0,266.0,429.0,2666.0,14.0,19.0,32.0,0.0,0.0,0.0,0.0,6.0,0.0,2666.0,19.0,429.0,32.0,0.0,19.0,0.0,0.0,157.83999999999997,2017,158.0,189.0
87,95,Aaron Rodgers,GNB,QB,34.0,7.0,7.0,154.0,238.0,1675.0,6.0,24.0,126.0,0.0,0.0,0.0,0.0,1.0,1.0,1675.0,16.0,238.0,126.0,0.0,24.0,0.0,0.0,129.6,2017,30.0,16.0
88,96,Jerick McKinnon,MIN,RB,25.0,16.0,1.0,0.0,0.0,0.0,0.0,150.0,570.0,68.0,51.0,421.0,8.25,3.0,2.0,0.0,0.0,0.0,570.0,3.0,150.0,421.0,2.0,150.6,2017,239.0,297.0
89,97,Trevor Siemian,DEN,QB,26.0,11.0,10.0,206.0,349.0,2285.0,14.0,31.0,127.0,0.0,0.0,0.0,0.0,5.0,2.0,2285.0,12.0,349.0,127.0,1.0,31.0,0.0,0.0,126.10000000000002,2017,211.0,250.0
90,98,Derrick Henry,TEN,RB,23.0,16.0,2.0,0.0,0.0,0.0,0.0,176.0,744.0,17.0,11.0,136.0,12.36,1.0,0.0,0.0,0.0,0.0,744.0,5.0,176.0,136.0,1.0,129.5,2017,91.0,85.0
91,100,Bilal Powell,NYJ,RB,29.0,15.0,10.0,0.0,0.0,0.0,0.0,178.0,772.0,33.0,23.0,170.0,7.39,1.0,1.0,0.0,0.0,0.0,772.0,5.0,178.0,170.0,0.0,133.7,2017,59.0,59.0
92,101,Javorius Allen,BAL,RB,26.0,16.0,0.0,0.0,0.0,0.0,0.0,153.0,591.0,60.0,46.0,250.0,5.43,0.0,0.0,0.0,0.0,0.0,591.0,4.0,153.0,250.0,2.0,143.1,2017,285.0,335.0
93,102,Orleans Darkwa,NYG,RB,25.0,15.0,11.0,0.0,0.0,0.0,0.0,171.0,751.0,28.0,19.0,116.0,6.11,1.0,0.0,0.0,0.0,0.0,751.0,5.0,171.0,116.0,0.0,126.19999999999999,2017,286.0,257.0
94,103,Jamaal Williams,GNB,RB,22.0,16.0,7.0,0.0,0.0,0.0,0.0,153.0,556.0,34.0,25.0,262.0,10.48,0.0,0.0,0.0,0.0,0.0,556.0,4.0,153.0,262.0,2.0,130.3,2017,146.0,131.0
95,104,Isaiah Crowell,CLE,RB,24.0,16.0,16.0,0.0,0.0,0.0,0.0,206.0,853.0,42.0,28.0,182.0,6.5,1.0,1.0,0.0,0.0,0.0,853.0,2.0,206.0,182.0,0.0,127.5,2017,24.0,30.0
96,105,Chris Thompson,WAS,RB,27.0,10.0,1.0,0.0,0.0,0.0,0.0,64.0,294.0,54.0,39.0,510.0,13.08,3.0,2.0,0.0,0.0,0.0,294.0,2.0,64.0,510.0,4.0,131.9,2017,175.0,232.0
97,416,Chris Thompson,HOU,WR,23.0,13.0,0.0,0.0,0.0,0.0,0.0,0.0,0.0,6.0,5.0,84.0,16.8,3.0,0.0,0.0,0.0,0.0,0.0,0.0,0.0,84.0,0.0,10.9,2017,175.0,232.0
98,106,Jay Ajayi,2TM,RB,24.0,14.0,8.0,0.0,0.0,0.0,0.0,208.0,873.0,34.0,24.0,158.0,6.58,3.0,2.0,0.0,0.0,0.0,873.0,1.0,208.0,158.0,1.0,123.1,2017,12.0,13.0
99,107,Joe Mixon,CIN,RB,21.0,14.0,7.0,0.0,0.0,0.0,0.0,178.0,626.0,34.0,30.0,287.0,9.57,3.0,2.0,0.0,0.0,0.0,626.0,4.0,178.0,287.0,0.0,126.30000000000001,2017,45.0,39.0
100,108,Amari Cooper,OAK,WR,23.0,14.0,12.0,0.0,0.0,0.0,0.0,1.0,4.0,96.0,48.0,680.0,14.17,1.0,0.0,0.0,0.0,0.0,4.0,0.0,1.0,680.0,7.0,134.4,2017,19.0,23.0
101,109,Kenyan Drake,MIA,RB,23.0,16.0,6.0,0.0,0.0,0.0,0.0,133.0,644.0,48.0,32.0,239.0,7.47,2.0,2.0,0.0,0.0,0.0,644.0,3.0,133.0,239.0,1.0,124.30000000000001,2017,299.0,272.0
102,110,Giovani Bernard,CIN,RB,26.0,16.0,2.0,0.0,0.0,0.0,0.0,105.0,458.0,60.0,43.0,389.0,9.05,0.0,0.0,0.0,0.0,0.0,458.0,2.0,105.0,389.0,2.0,130.2,2017,145.0,176.0
103,111,Jonathan Stewart,CAR,RB,30.0,15.0,10.0,0.0,0.0,0.0,0.0,198.0,680.0,15.0,8.0,52.0,6.5,3.0,3.0,0.0,0.0,0.0,680.0,6.0,198.0,52.0,1.0,113.2,2017,92.0,99.0
104,112,Ted Ginn,NOR,WR,32.0,15.0,10.0,0.0,0.0,0.0,0.0,10.0,39.0,70.0,53.0,787.0,14.85,2.0,0.0,0.0,0.0,0.0,39.0,0.0,10.0,787.0,4.0,133.1,2017,120.0,135.0
105,113,Mohamed Sanu,ATL,WR,28.0,15.0,15.0,1.0,1.0,51.0,0.0,4.0,10.0,96.0,67.0,703.0,10.49,0.0,0.0,51.0,1.0,1.0,10.0,0.0,4.0,703.0,5.0,140.84,2017,189.0,168.0
106,114,Sammy Watkins,LAR,WR,24.0,15.0,14.0,0.0,0.0,0.0,0.0,0.0,0.0,70.0,39.0,593.0,15.21,0.0,0.0,0.0,0.0,0.0,0.0,0.0,0.0,593.0,8.0,126.80000000000001,2017,52.0,60.0
107,115,Robert Woods,LAR,WR,25.0,12.0,11.0,0.0,0.0,0.0,0.0,2.0,12.0,85.0,56.0,781.0,13.95,1.0,1.0,0.0,0.0,0.0,12.0,0.0,2.0,781.0,5.0,135.29999999999995,2017,194.0,265.0
108,117,Rishard Matthews,TEN,WR,28.0,14.0,11.0,0.0,0.0,0.0,0.0,1.0,-3.0,87.0,53.0,795.0,15.0,0.0,0.0,0.0,0.0,0.0,-3.0,0.0,1.0,795.0,4.0,129.7,2017,115.0,126.0
109,118,Carson Palmer,ARI,QB,38.0,7.0,7.0,164.0,267.0,1978.0,7.0,14.0,12.0,0.0,0.0,0.0,0.0,2.0,0.0,1978.0,9.0,267.0,12.0,0.0,14.0,0.0,0.0,102.32,2017,122.0,150.0
110,119,Theo Riddick,DET,RB,26.0,16.0,5.0,0.0,0.0,0.0,0.0,84.0,286.0,71.0,53.0,444.0,8.38,1.0,1.0,0.0,0.0,0.0,286.0,3.0,84.0,444.0,2.0,127.5,2017,106.0,103.0
111,120,LeGarrette Blount,PHI,RB,31.0,16.0,11.0,0.0,0.0,0.0,0.0,173.0,766.0,8.0,8.0,50.0,6.25,1.0,1.0,0.0,0.0,0.0,766.0,2.0,173.0,50.0,1.0,101.6,2017,94.0,81.0
112,121,Rex Burkhead,NWE,RB,27.0,10.0,3.0,0.0,0.0,0.0,0.0,64.0,264.0,36.0,30.0,254.0,8.47,1.0,0.0,0.0,0.0,0.0,264.0,5.0,64.0,254.0,3.0,114.80000000000001,2017,131.0,153.0
113,122,Ameer Abdullah,DET,RB,24.0,14.0,11.0,0.0,0.0,0.0,0.0,165.0,552.0,35.0,25.0,162.0,6.48,2.0,1.0,0.0,0.0,0.0,552.0,4.0,165.0,162.0,1.0,111.9,2017,55.0,61.0
114,123,Mike Wallace,BAL,WR,31.0,15.0,14.0,0.0,0.0,0.0,0.0,1.0,4.0,92.0,52.0,748.0,14.38,0.0,0.0,0.0,0.0,0.0,4.0,0.0,1.0,748.0,4.0,125.20000000000005,2017,107.0,121.0
115,124,Tarik Cohen,CHI,RB,22.0,16.0,4.0,1.0,2.0,21.0,0.0,87.0,370.0,71.0,53.0,353.0,6.66,3.0,2.0,21.0,1.0,2.0,370.0,2.0,87.0,353.0,1.0,117.63999999999999,2017,262.0,242.0
116,125,Travis Benjamin,LAC,WR,28.0,16.0,3.0,0.0,0.0,0.0,0.0,13.0,96.0,62.0,34.0,567.0,16.68,2.0,0.0,0.0,0.0,0.0,96.0,0.0,13.0,567.0,4.0,107.3,2017,252.0,275.0
117,126,Tyrell Williams,LAC,WR,25.0,16.0,15.0,0.0,0.0,0.0,0.0,0.0,0.0,69.0,43.0,728.0,16.93,1.0,1.0,0.0,0.0,0.0,0.0,0.0,0.0,728.0,4.0,116.30000000000001,2017,86.0,107.0
118,127,Jamison Crowder,WAS,WR,24.0,15.0,6.0,0.0,0.0,0.0,0.0,7.0,34.0,103.0,66.0,789.0,11.95,6.0,3.0,0.0,0.0,0.0,34.0,0.0,7.0,789.0,3.0,127.30000000000001,2017,65.0,72.0
119,128,Randall Cobb,GNB,WR,27.0,15.0,14.0,1.0,1.0,10.0,0.0,9.0,17.0,92.0,66.0,653.0,9.89,1.0,0.0,10.0,0.0,1.0,17.0,0.0,9.0,653.0,4.0,124.39999999999995,2017,103.0,93.0
120,129,Marqise Lee,JAX,WR,26.0,14.0,14.0,0.0,1.0,0.0,0.0,1.0,17.0,96.0,56.0,702.0,12.54,1.0,0.0,0.0,0.0,1.0,17.0,0.0,1.0,702.0,3.0,117.89999999999995,2017,161.0,222.0
121,130,Keelan Cole,JAX,WR,24.0,16.0,6.0,0.0,0.0,0.0,0.0,0.0,0.0,83.0,42.0,748.0,17.81,2.0,1.0,0.0,0.0,0.0,0.0,0.0,0.0,748.0,3.0,111.80000000000001,2017,408.0,
122,132,DeSean Jackson,TAM,WR,31.0,14.0,13.0,0.0,0.0,0.0,0.0,3.0,38.0,90.0,50.0,668.0,13.36,0.0,0.0,0.0,0.0,0.0,38.0,0.0,3.0,668.0,3.0,113.60000000000002,2017,76.0,91.0
123,133,Kelvin Benjamin,2TM,WR,26.0,14.0,14.0,0.0,0.0,0.0,0.0,0.0,0.0,78.0,48.0,692.0,14.42,0.0,0.0,0.0,0.0,0.0,0.0,0.0,0.0,692.0,3.0,111.19999999999999,2017,57.0,52.0
124,134,Jimmy Garoppolo,SFO,QB,26.0,6.0,5.0,120.0,178.0,1560.0,5.0,15.0,11.0,1.0,1.0,-6.0,-6.0,1.0,0.0,1560.0,7.0,178.0,11.0,1.0,15.0,-6.0,0.0,87.4,2017,328.0,306.0
125,135,Samaje Perine,WAS,RB,22.0,16.0,8.0,0.0,0.0,0.0,0.0,175.0,603.0,24.0,22.0,182.0,8.27,2.0,2.0,0.0,0.0,0.0,603.0,1.0,175.0,182.0,1.0,97.5,2017,134.0,114.0
126,136,Sterling Shepard,NYG,WR,24.0,11.0,10.0,0.0,0.0,0.0,0.0,4.0,4.0,84.0,59.0,731.0,12.39,1.0,0.0,0.0,0.0,0.0,4.0,0.0,4.0,731.0,2.0,115.0,2017,136.0,147.0
127,137,Josh Doctson,WAS,WR,25.0,16.0,14.0,0.0,0.0,0.0,0.0,1.0,-14.0,78.0,35.0,502.0,14.34,0.0,0.0,0.0,0.0,0.0,-14.0,0.0,1.0,502.0,6.0,102.3,2017,153.0,196.0
128,138,Will Fuller,HOU,WR,23.0,10.0,10.0,0.0,0.0,0.0,0.0,2.0,9.0,50.0,28.0,423.0,15.11,0.0,0.0,0.0,0.0,0.0,9.0,0.0,2.0,423.0,7.0,99.2,2017,229.0,259.0
129,139,Jordy Nelson,GNB,WR,32.0,15.0,15.0,0.0,0.0,0.0,0.0,0.0,0.0,88.0,53.0,482.0,9.09,0.0,0.0,0.0,0.0,0.0,0.0,0.0,0.0,482.0,6.0,110.69999999999999,2017,11.0,12.0
130,140,Matt Breida,SFO,RB,22.0,16.0,0.0,0.0,0.0,0.0,0.0,105.0,465.0,36.0,21.0,180.0,8.57,1.0,0.0,0.0,0.0,0.0,465.0,2.0,105.0,180.0,1.0,93.0,2017,241.0,245.0
131,141,Martavis Bryant,PIT,WR,26.0,15.0,8.0,0.0,0.0,0.0,0.0,6.0,22.0,84.0,50.0,603.0,12.06,0.0,0.0,0.0,0.0,0.0,22.0,0.0,6.0,603.0,3.0,105.5,2017,47.0,56.0
132,142,Matt Forte,NYJ,RB,32.0,12.0,4.0,0.0,0.0,0.0,0.0,103.0,381.0,45.0,37.0,293.0,7.92,1.0,1.0,0.0,0.0,0.0,381.0,2.0,103.0,293.0,1.0,101.9,2017,116.0,113.0
133,143,Corey Clement,PHI,RB,23.0,16.0,0.0,0.0,0.0,0.0,0.0,74.0,321.0,15.0,10.0,123.0,12.3,0.0,0.0,0.0,0.0,0.0,321.0,4.0,74.0,123.0,2.0,85.4,2017,402.0,
134,144,Marlon Mack,IND,RB,21.0,14.0,0.0,0.0,0.0,0.0,0.0,93.0,358.0,33.0,21.0,225.0,10.71,1.0,0.0,0.0,0.0,0.0,358.0,3.0,93.0,225.0,1.0,92.8,2017,196.0,190.0
135,147,Jared Cook,OAK,TE,30.0,16.0,16.0,0.0,0.0,0.0,0.0,0.0,0.0,86.0,54.0,688.0,12.74,1.0,1.0,0.0,0.0,0.0,0.0,0.0,0.0,688.0,2.0,105.80000000000001,2017,179.0,199.0
136,148,Vernon Davis,WAS,TE,33.0,16.0,16.0,0.0,0.0,0.0,0.0,0.0,0.0,69.0,43.0,648.0,15.07,2.0,2.0,0.0,0.0,0.0,0.0,0.0,0.0,648.0,3.0,100.3,2017,287.0,366.0
137,149,Eric Ebron,DET,TE,24.0,16.0,9.0,0.0,0.0,0.0,0.0,0.0,0.0,86.0,53.0,574.0,10.83,1.0,1.0,0.0,0.0,0.0,0.0,0.0,0.0,574.0,4.0,105.9,2017,108.0,125.0
138,150,Tyler Lockett,SEA,WR,25.0,16.0,8.0,0.0,0.0,0.0,0.0,10.0,58.0,71.0,45.0,555.0,12.33,0.0,0.0,0.0,0.0,0.0,58.0,0.0,10.0,555.0,2.0,95.8,2017,144.0,166.0
139,151,Danny Amendola,NWE,WR,32.0,15.0,8.0,0.0,0.0,0.0,0.0,0.0,0.0,86.0,61.0,659.0,10.8,2.0,0.0,0.0,0.0,0.0,0.0,0.0,0.0,659.0,2.0,108.4,2017,238.0,177.0
140,152,James White,NWE,RB,25.0,14.0,4.0,0.0,0.0,0.0,0.0,43.0,171.0,72.0,56.0,429.0,7.66,0.0,0.0,0.0,0.0,0.0,171.0,0.0,43.0,429.0,3.0,106.0,2017,125.0,119.0
141,153,Chris Hogan,NWE,WR,30.0,9.0,7.0,0.0,0.0,0.0,0.0,3.0,17.0,59.0,34.0,439.0,12.91,0.0,0.0,0.0,0.0,0.0,17.0,0.0,3.0,439.0,5.0,92.6,2017,123.0,109.0
142,155,O.J. Howard,TAM,TE,23.0,14.0,14.0,0.0,0.0,0.0,0.0,0.0,0.0,39.0,26.0,432.0,16.62,3.0,2.0,0.0,0.0,0.0,0.0,0.0,0.0,432.0,6.0,88.2,2017,185.0,148.0
143,156,Ryan Fitzpatrick,TAM,QB,35.0,6.0,3.0,96.0,163.0,1103.0,3.0,16.0,76.0,0.0,0.0,0.0,0.0,0.0,0.0,1103.0,7.0,163.0,76.0,0.0,16.0,0.0,0.0,73.72,2017,435.0,
144,157,Albert Wilson,KAN,WR,25.0,13.0,7.0,0.0,0.0,0.0,0.0,3.0,6.0,62.0,42.0,554.0,13.19,0.0,0.0,0.0,0.0,0.0,6.0,0.0,3.0,554.0,3.0,95.0,2017,313.0,
145,158,Brandon LaFell,CIN,WR,31.0,16.0,15.0,0.0,0.0,0.0,0.0,0.0,0.0,89.0,52.0,548.0,10.54,1.0,0.0,0.0,0.0,0.0,0.0,0.0,0.0,548.0,3.0,98.8,2017,248.0,261.0
146,159,DeVante Parker,MIA,WR,24.0,13.0,12.0,0.0,0.0,0.0,0.0,0.0,0.0,96.0,57.0,670.0,11.75,1.0,0.0,0.0,0.0,0.0,0.0,0.0,0.0,670.0,1.0,101.5,2017,68.0,80.0
147,161,Jaron Brown,ARI,WR,27.0,16.0,8.0,0.0,0.0,0.0,0.0,0.0,0.0,69.0,31.0,477.0,15.39,0.0,0.0,0.0,0.0,0.0,0.0,0.0,0.0,477.0,4.0,87.2,2017,268.0,279.0
148,162,Wayne Gallman,NYG,RB,23.0,13.0,1.0,0.0,0.0,0.0,0.0,111.0,476.0,48.0,34.0,193.0,5.68,3.0,1.0,0.0,0.0,0.0,476.0,0.0,111.0,193.0,1.0,87.9,2017,278.0,304.0
149,163,Austin Hooper,ATL,TE,23.0,16.0,8.0,0.0,0.0,0.0,0.0,0.0,0.0,65.0,49.0,526.0,10.73,0.0,0.0,0.0,0.0,0.0,0.0,0.0,0.0,526.0,3.0,95.1,2017,139.0,164.0
150,164,Aaron Jones,GNB,RB,23.0,12.0,4.0,0.0,0.0,0.0,0.0,81.0,448.0,18.0,9.0,22.0,2.44,0.0,0.0,0.0,0.0,0.0,448.0,4.0,81.0,22.0,0.0,75.5,2017,288.0,289.0
151,166,Ty Montgomery,GNB,WR,24.0,8.0,5.0,0.0,0.0,0.0,0.0,71.0,273.0,31.0,23.0,173.0,7.52,0.0,0.0,0.0,0.0,0.0,273.0,3.0,71.0,173.0,1.0,80.1,2017,42.0,42.0
152,167,Charles Clay,BUF,TE,28.0,13.0,13.0,0.0,0.0,0.0,0.0,0.0,0.0,74.0,49.0,558.0,11.39,1.0,0.0,0.0,0.0,0.0,0.0,0.0,0.0,558.0,2.0,92.3,2017,186.0,236.0
153,168,Mike Gillislee,NWE,RB,27.0,9.0,2.0,0.0,0.0,0.0,0.0,104.0,383.0,1.0,1.0,15.0,15.0,1.0,1.0,0.0,0.0,0.0,383.0,5.0,104.0,15.0,0.0,68.3,2017,64.0,62.0
154,169,Adam Humphries,TAM,WR,24.0,16.0,3.0,0.0,0.0,0.0,0.0,1.0,6.0,83.0,61.0,631.0,10.34,1.0,1.0,0.0,0.0,0.0,6.0,0.0,1.0,631.0,1.0,98.19999999999999,2017,339.0,372.0
155,170,Brock Osweiler,DEN,QB,27.0,6.0,4.0,96.0,172.0,1088.0,5.0,14.0,64.0,0.0,0.0,0.0,0.0,2.0,1.0,1088.0,5.0,172.0,64.0,1.0,14.0,0.0,0.0,63.92,2017,367.0,355.0
156,171,Adrian Peterson,2TM,RB,32.0,10.0,7.0,0.0,0.0,0.0,0.0,156.0,529.0,19.0,11.0,70.0,6.36,3.0,2.0,0.0,0.0,0.0,529.0,2.0,156.0,70.0,0.0,73.4,2017,74.0,70.0
157,172,Emmanuel Sanders,DEN,WR,30.0,12.0,11.0,0.0,0.0,0.0,0.0,0.0,0.0,92.0,47.0,555.0,11.81,0.0,0.0,0.0,0.0,0.0,0.0,0.0,0.0,555.0,2.0,91.0,2017,58.0,64.0
158,173,Kenny Golladay,DET,WR,24.0,11.0,5.0,0.0,0.0,0.0,0.0,1.0,9.0,48.0,28.0,477.0,17.04,0.0,0.0,0.0,0.0,0.0,9.0,0.0,1.0,477.0,3.0,80.6,2017,180.0,186.0
159,174,Doug Martin,TAM,RB,28.0,11.0,8.0,0.0,0.0,0.0,0.0,138.0,406.0,18.0,9.0,84.0,9.33,1.0,1.0,0.0,0.0,0.0,406.0,3.0,138.0,84.0,0.0,69.5,2017,69.0,66.0
160,175,Deonte Thompson,2TM,WR,28.0,16.0,10.0,0.0,0.0,0.0,0.0,2.0,-5.0,69.0,38.0,555.0,14.61,1.0,0.0,0.0,0.0,0.0,-5.0,0.0,2.0,555.0,2.0,86.0,2017,353.0,
161,176,Kendall Wright,CHI,WR,28.0,16.0,4.0,0.0,0.0,0.0,0.0,0.0,0.0,91.0,59.0,614.0,10.41,0.0,0.0,0.0,0.0,0.0,0.0,0.0,0.0,614.0,1.0,96.9,2017,182.0,191.0
162,177,Alfred Morris,DAL,RB,29.0,14.0,5.0,0.0,0.0,0.0,0.0,115.0,547.0,9.0,7.0,45.0,6.43,0.0,0.0,0.0,0.0,0.0,547.0,1.0,115.0,45.0,0.0,68.7,2017,264.0,243.0
163,179,Brian Hoyer,2TM,QB,32.0,11.0,6.0,123.0,211.0,1287.0,4.0,9.0,4.0,0.0,0.0,0.0,0.0,3.0,1.0,1287.0,4.0,211.0,4.0,1.0,9.0,0.0,0.0,63.88,2017,201.0,284.0
164,180,Chris Ivory,JAX,RB,29.0,14.0,3.0,0.0,0.0,0.0,0.0,112.0,382.0,28.0,21.0,175.0,8.33,2.0,2.0,0.0,0.0,0.0,382.0,1.0,112.0,175.0,1.0,74.2,2017,256.0,267.0
165,181,George Kittle,SFO,TE,24.0,15.0,7.0,0.0,0.0,0.0,0.0,0.0,0.0,63.0,43.0,515.0,11.98,0.0,0.0,0.0,0.0,0.0,0.0,0.0,0.0,515.0,2.0,85.0,2017,282.0,322.0
166,182,Marcedes Lewis,JAX,TE,33.0,16.0,16.0,0.0,0.0,0.0,0.0,0.0,0.0,48.0,24.0,318.0,13.25,0.0,0.0,0.0,0.0,0.0,0.0,0.0,0.0,318.0,5.0,73.8,2017,357.0,
167,184,David Njoku,CLE,TE,21.0,16.0,5.0,0.0,0.0,0.0,0.0,1.0,1.0,60.0,32.0,386.0,12.06,0.0,0.0,0.0,0.0,0.0,1.0,0.0,1.0,386.0,4.0,78.7,2017,195.0,234.0
168,185,Eric Decker,TEN,WR,30.0,16.0,8.0,0.0,1.0,0.0,0.0,0.0,0.0,83.0,54.0,563.0,10.43,0.0,0.0,0.0,0.0,1.0,0.0,0.0,0.0,563.0,1.0,89.3,2017,93.0,95.0
169,186,Blaine Gabbert,ARI,QB,28.0,5.0,5.0,95.0,171.0,1086.0,6.0,23.0,82.0,0.0,0.0,0.0,0.0,7.0,2.0,1086.0,6.0,171.0,82.0,0.0,23.0,0.0,0.0,59.64,2017,427.0,
170,187,Jeremy Maclin,BAL,WR,29.0,12.0,12.0,0.0,0.0,0.0,0.0,0.0,0.0,72.0,40.0,440.0,11.0,0.0,0.0,0.0,0.0,0.0,0.0,0.0,0.0,440.0,3.0,82.0,2017,85.0,98.0
171,188,Devontae Booker,DEN,RB,25.0,13.0,0.0,0.0,0.0,0.0,0.0,79.0,299.0,38.0,30.0,275.0,9.17,2.0,1.0,0.0,0.0,0.0,299.0,1.0,79.0,275.0,0.0,76.4,2017,236.0,241.0
172,189,Allen Hurns,JAX,WR,26.0,10.0,8.0,0.0,0.0,0.0,0.0,0.0,0.0,56.0,39.0,484.0,12.41,0.0,0.0,0.0,0.0,0.0,0.0,0.0,0.0,484.0,2.0,79.9,2017,205.0,227.0
173,190,Chris Godwin,TAM,WR,21.0,16.0,2.0,0.0,0.0,0.0,0.0,0.0,0.0,55.0,34.0,525.0,15.44,0.0,0.0,0.0,0.0,0.0,0.0,0.0,0.0,525.0,1.0,75.5,2017,310.0,288.0
174,191,Elijah McGuire,NYJ,RB,23.0,16.0,2.0,0.0,0.0,0.0,0.0,88.0,315.0,26.0,17.0,177.0,10.41,2.0,2.0,0.0,0.0,0.0,315.0,1.0,88.0,177.0,1.0,65.7,2017,364.0,
175,192,Jalen Richard,OAK,RB,24.0,16.0,1.0,0.0,0.0,0.0,0.0,56.0,275.0,36.0,27.0,256.0,9.48,8.0,3.0,0.0,0.0,0.0,275.0,1.0,56.0,256.0,1.0,72.6,2017,204.0,229.0
176,193,Garrett Celek,SFO,TE,29.0,16.0,13.0,0.0,0.0,0.0,0.0,0.0,0.0,33.0,21.0,336.0,16.0,0.0,0.0,0.0,0.0,0.0,0.0,0.0,0.0,336.0,4.0,68.1,2017,387.0,
177,194,Kerwynn Williams,ARI,RB,26.0,16.0,6.0,0.0,0.0,0.0,0.0,120.0,426.0,15.0,10.0,93.0,9.3,0.0,0.0,0.0,0.0,0.0,426.0,1.0,120.0,93.0,0.0,62.900000000000006,2017,295.0,268.0
178,195,Terrance Williams,DAL,WR,28.0,16.0,14.0,0.0,0.0,0.0,0.0,2.0,15.0,78.0,53.0,568.0,10.72,0.0,0.0,0.0,0.0,0.0,15.0,0.0,2.0,568.0,0.0,84.8,2017,244.0,287.0
179,196,T.J. Yeldon,JAX,RB,24.0,10.0,0.0,0.0,0.0,0.0,0.0,49.0,253.0,41.0,30.0,224.0,7.47,2.0,1.0,0.0,0.0,0.0,253.0,2.0,49.0,224.0,0.0,72.7,2017,227.0,246.0
180,197,Trey Burton,PHI,TE,26.0,15.0,1.0,0.0,0.0,0.0,0.0,0.0,0.0,31.0,23.0,248.0,10.78,0.0,0.0,0.0,0.0,0.0,0.0,0.0,0.0,248.0,5.0,66.3,2017,403.0,
181,198,Julius Thomas,MIA,TE,29.0,14.0,13.0,0.0,0.0,0.0,0.0,0.0,0.0,62.0,41.0,388.0,9.46,1.0,0.0,0.0,0.0,0.0,0.0,0.0,0.0,388.0,3.0,77.3,2017,147.0,170.0
182,199,Cole Beasley,DAL,WR,28.0,15.0,4.0,0.0,0.0,0.0,0.0,0.0,0.0,63.0,36.0,314.0,8.72,0.0,0.0,0.0,0.0,0.0,0.0,0.0,0.0,314.0,4.0,73.4,2017,157.0,152.0
183,200,Jesse James,PIT,TE,23.0,16.0,14.0,0.0,0.0,0.0,0.0,0.0,0.0,63.0,43.0,372.0,8.65,0.0,0.0,0.0,0.0,0.0,0.0,0.0,0.0,372.0,3.0,76.7,2017,250.0,217.0
184,201,Cordarrelle Patterson,OAK,WR,26.0,16.0,2.0,0.0,0.0,0.0,0.0,13.0,121.0,42.0,31.0,309.0,9.97,3.0,0.0,0.0,0.0,0.0,121.0,2.0,13.0,309.0,0.0,70.5,2017,342.0,294.0
185,202,Torrey Smith,PHI,WR,28.0,16.0,14.0,0.0,0.0,0.0,0.0,1.0,-3.0,67.0,36.0,430.0,11.94,0.0,0.0,0.0,0.0,0.0,-3.0,0.0,1.0,430.0,2.0,72.7,2017,197.0,205.0
186,203,Dalvin Cook,MIN,RB,22.0,4.0,4.0,0.0,0.0,0.0,0.0,74.0,354.0,16.0,11.0,90.0,8.18,1.0,1.0,0.0,0.0,0.0,354.0,2.0,74.0,90.0,0.0,59.900000000000006,2017,31.0,33.0
187,207,Austin Seferian-Jenkins,NYJ,TE,25.0,13.0,10.0,0.0,0.0,0.0,0.0,0.0,0.0,74.0,50.0,357.0,7.14,1.0,1.0,0.0,0.0,0.0,0.0,0.0,0.0,357.0,3.0,76.7,2017,224.0,283.0
188,208,D'Onta Foreman,HOU,RB,21.0,10.0,1.0,0.0,0.0,0.0,0.0,78.0,327.0,8.0,6.0,83.0,13.83,2.0,1.0,0.0,0.0,0.0,327.0,2.0,78.0,83.0,0.0,54.0,2017,183.0,171.0
189,209,Donte Moncrief,IND,WR,24.0,12.0,8.0,0.0,0.0,0.0,0.0,0.0,0.0,47.0,26.0,391.0,15.04,0.0,0.0,0.0,0.0,0.0,0.0,0.0,0.0,391.0,2.0,64.1,2017,88.0,97.0
190,210,Tom Savage,HOU,QB,27.0,8.0,7.0,125.0,223.0,1412.0,6.0,4.0,2.0,0.0,0.0,0.0,0.0,8.0,7.0,1412.0,5.0,223.0,2.0,0.0,4.0,0.0,0.0,50.67999999999999,2017,273.0,348.0
191,211,DeAndre Washington,OAK,RB,24.0,15.0,0.0,0.0,0.0,0.0,0.0,57.0,153.0,45.0,34.0,197.0,5.79,2.0,1.0,0.0,0.0,0.0,153.0,2.0,57.0,197.0,1.0,68.0,2017,169.0,188.0
192,212,Brice Butler,DAL,WR,27.0,13.0,0.0,0.0,0.0,0.0,0.0,0.0,0.0,23.0,15.0,317.0,21.13,0.0,0.0,0.0,0.0,0.0,0.0,0.0,0.0,317.0,3.0,57.2,2017,438.0,379.0
193,213,Brandon Coleman,NOR,WR,25.0,16.0,6.0,0.0,0.0,0.0,0.0,0.0,0.0,37.0,23.0,364.0,15.83,2.0,2.0,0.0,0.0,0.0,0.0,0.0,0.0,364.0,3.0,61.900000000000006,2017,297.0,286.0
194,215,Pierre Garcon,SFO,WR,31.0,8.0,8.0,0.0,0.0,0.0,0.0,0.0,0.0,67.0,40.0,500.0,12.5,0.0,0.0,0.0,0.0,0.0,0.0,0.0,0.0,500.0,0.0,70.0,2017,75.0,88.0
195,216,Antonio Gates,LAC,TE,37.0,16.0,4.0,0.0,0.0,0.0,0.0,0.0,0.0,52.0,30.0,316.0,10.53,0.0,0.0,0.0,0.0,0.0,0.0,0.0,0.0,316.0,3.0,64.6,2017,155.0,173.0
196,219,John Brown,ARI,WR,27.0,10.0,5.0,0.0,0.0,0.0,0.0,1.0,10.0,55.0,21.0,299.0,14.24,0.0,0.0,0.0,0.0,0.0,10.0,0.0,1.0,299.0,3.0,59.400000000000006,2017,113.0,116.0
197,220,Taylor Gabriel,ATL,WR,26.0,16.0,4.0,0.0,0.0,0.0,0.0,8.0,49.0,51.0,33.0,378.0,11.45,0.0,0.0,0.0,0.0,0.0,49.0,0.0,8.0,378.0,1.0,65.2,2017,163.0,159.0
198,221,Andre Ellington,2TM,RB,28.0,12.0,2.0,0.0,0.0,0.0,0.0,20.0,55.0,59.0,39.0,369.0,9.46,0.0,0.0,0.0,0.0,0.0,55.0,1.0,20.0,369.0,0.0,67.9,2017,308.0,320.0
199,223,Seth Roberts,OAK,WR,26.0,15.0,7.0,0.0,0.0,0.0,0.0,0.0,0.0,65.0,43.0,455.0,10.58,2.0,2.0,0.0,0.0,0.0,0.0,0.0,0.0,455.0,1.0,69.0,2017,281.0,368.0
200,224,Bruce Ellington,HOU,WR,26.0,11.0,6.0,0.0,0.0,0.0,0.0,3.0,17.0,57.0,29.0,330.0,11.38,1.0,0.0,0.0,0.0,0.0,17.0,0.0,3.0,330.0,2.0,61.2,2017,312.0,303.0
201,225,Charcandrick West,KAN,RB,26.0,13.0,0.0,0.0,0.0,0.0,0.0,18.0,72.0,34.0,27.0,150.0,5.56,1.0,0.0,0.0,0.0,0.0,72.0,2.0,18.0,150.0,2.0,59.7,2017,232.0,212.0
202,226,Jamaal Charles,DEN,RB,31.0,14.0,0.0,0.0,0.0,0.0,0.0,69.0,296.0,28.0,23.0,129.0,5.61,2.0,2.0,0.0,0.0,0.0,296.0,1.0,69.0,129.0,0.0,56.0,2017,143.0,133.0
203,229,Jermaine Gresham,ARI,TE,29.0,14.0,14.0,0.0,0.0,0.0,0.0,0.0,0.0,46.0,33.0,322.0,9.76,0.0,0.0,0.0,0.0,0.0,0.0,0.0,0.0,322.0,2.0,60.7,2017,263.0,307.0
204,230,Zay Jones,BUF,WR,22.0,15.0,10.0,0.0,0.0,0.0,0.0,0.0,0.0,74.0,27.0,316.0,11.7,0.0,0.0,0.0,0.0,0.0,0.0,0.0,0.0,316.0,2.0,57.099999999999994,2017,135.0,151.0
205,231,Corey Coleman,CLE,WR,23.0,9.0,8.0,0.0,0.0,0.0,0.0,0.0,0.0,58.0,23.0,305.0,13.26,0.0,0.0,0.0,0.0,0.0,0.0,0.0,0.0,305.0,2.0,54.0,2017,109.0,111.0
206,233,Coby Fleener,NOR,TE,29.0,11.0,0.0,0.0,0.0,0.0,0.0,0.0,0.0,30.0,22.0,295.0,13.41,0.0,0.0,0.0,0.0,0.0,0.0,0.0,0.0,295.0,2.0,52.5,2017,126.0,155.0
207,234,Rashard Higgins,CLE,WR,23.0,15.0,4.0,0.0,0.0,0.0,0.0,1.0,4.0,50.0,27.0,312.0,11.56,1.0,1.0,0.0,0.0,0.0,4.0,0.0,1.0,312.0,2.0,55.10000000000001,2017,376.0,
208,236,Chris Moore,BAL,WR,24.0,13.0,4.0,0.0,0.0,0.0,0.0,2.0,-9.0,38.0,18.0,248.0,13.78,0.0,0.0,0.0,0.0,0.0,-9.0,0.0,2.0,248.0,3.0,50.9,2017,426.0,
209,238,Matt Moore,MIA,QB,33.0,4.0,2.0,78.0,127.0,861.0,5.0,3.0,9.0,0.0,0.0,0.0,0.0,0.0,0.0,861.0,4.0,127.0,9.0,0.0,3.0,0.0,0.0,41.34,2017,421.0,375.0
210,240,Josh Gordon,CLE,WR,26.0,5.0,5.0,0.0,0.0,0.0,0.0,0.0,0.0,42.0,18.0,335.0,18.61,0.0,0.0,0.0,0.0,0.0,0.0,0.0,0.0,335.0,1.0,48.5,2017,320.0,326.0
211,242,Dontrelle Inman,2TM,WR,28.0,12.0,7.0,0.0,0.0,0.0,0.0,0.0,0.0,44.0,25.0,343.0,13.72,0.0,0.0,0.0,0.0,0.0,0.0,0.0,0.0,343.0,1.0,52.8,2017,325.0,362.0
212,243,Shane Vereen,NYG,RB,28.0,16.0,0.0,0.0,1.0,0.0,1.0,45.0,164.0,53.0,44.0,253.0,5.75,0.0,0.0,0.0,0.0,1.0,164.0,0.0,45.0,253.0,0.0,61.699999999999974,2017,170.0,221.0
213,244,Dede Westbrook,JAX,WR,24.0,7.0,5.0,0.0,0.0,0.0,0.0,0.0,0.0,51.0,27.0,339.0,12.56,1.0,0.0,0.0,0.0,0.0,0.0,0.0,0.0,339.0,1.0,53.400000000000006,2017,291.0,278.0
214,245,Damien Williams,MIA,RB,25.0,11.0,4.0,0.0,0.0,0.0,0.0,46.0,181.0,28.0,20.0,155.0,7.75,0.0,0.0,0.0,0.0,0.0,181.0,0.0,46.0,155.0,1.0,49.6,2017,302.0,361.0
215,246,Corey Grant,JAX,RB,26.0,16.0,0.0,0.0,0.0,0.0,0.0,30.0,248.0,4.0,3.0,41.0,13.67,1.0,1.0,0.0,0.0,0.0,248.0,2.0,30.0,41.0,0.0,40.4,2017,358.0,
216,247,Robert Kelley,WAS,RB,25.0,7.0,7.0,0.0,0.0,0.0,0.0,62.0,194.0,7.0,4.0,18.0,4.5,0.0,0.0,0.0,0.0,0.0,194.0,3.0,62.0,18.0,0.0,41.2,2017,77.0,79.0
217,248,Luke Willson,SEA,TE,27.0,16.0,7.0,0.0,0.0,0.0,0.0,0.0,0.0,22.0,15.0,153.0,10.2,0.0,0.0,0.0,0.0,0.0,0.0,0.0,0.0,153.0,4.0,46.8,2017,420.0,321.0
218,249,Alfred Blue,HOU,RB,26.0,11.0,0.0,0.0,0.0,0.0,0.0,71.0,262.0,9.0,7.0,54.0,7.71,0.0,0.0,0.0,0.0,0.0,262.0,1.0,71.0,54.0,0.0,41.1,2017,378.0,378.0
219,250,Kenny Britt,2TM,WR,29.0,12.0,4.0,0.0,0.0,0.0,0.0,0.0,0.0,43.0,20.0,256.0,12.8,0.0,0.0,0.0,0.0,0.0,0.0,0.0,0.0,256.0,2.0,47.6,2017,102.0,118.0
220,251,Aldrick Robinson,SFO,WR,29.0,16.0,1.0,0.0,0.0,0.0,0.0,0.0,0.0,48.0,19.0,260.0,13.68,0.0,0.0,0.0,0.0,0.0,0.0,0.0,0.0,260.0,2.0,47.5,2017,318.0,
221,252,Jacquizz Rodgers,TAM,RB,27.0,16.0,4.0,0.0,0.0,0.0,0.0,64.0,244.0,11.0,9.0,74.0,8.22,0.0,0.0,0.0,0.0,0.0,244.0,1.0,64.0,74.0,0.0,42.3,2017,129.0,127.0
222,254,Charles Sims,TAM,RB,27.0,16.0,0.0,0.0,0.0,0.0,0.0,21.0,95.0,47.0,35.0,249.0,7.11,1.0,1.0,0.0,0.0,0.0,95.0,0.0,21.0,249.0,1.0,55.900000000000006,2017,198.0,216.0
223,255,Benny Cunningham,CHI,RB,27.0,14.0,0.0,0.0,0.0,0.0,0.0,9.0,29.0,26.0,20.0,240.0,12.0,1.0,1.0,0.0,0.0,0.0,29.0,0.0,9.0,240.0,2.0,46.9,2017,370.0,
224,257,Kyle Juszczyk,SFO,RB,26.0,14.0,10.0,0.0,0.0,0.0,0.0,7.0,31.0,42.0,33.0,315.0,9.55,2.0,2.0,0.0,0.0,0.0,31.0,0.0,7.0,315.0,1.0,53.099999999999994,2017,277.0,270.0
225,258,Mike Tolbert,BUF,RB,32.0,12.0,0.0,0.0,0.0,0.0,0.0,66.0,247.0,17.0,14.0,78.0,5.57,2.0,1.0,0.0,0.0,0.0,247.0,1.0,66.0,78.0,0.0,43.5,2017,300.0,334.0
226,259,Malcolm Brown,LAR,RB,24.0,11.0,1.0,0.0,0.0,0.0,0.0,63.0,246.0,11.0,9.0,53.0,5.89,1.0,0.0,0.0,0.0,0.0,246.0,1.0,63.0,53.0,0.0,40.40000000000001,2017,380.0,377.0
227,260,Corey Davis,TEN,WR,22.0,11.0,9.0,0.0,0.0,0.0,0.0,0.0,0.0,65.0,34.0,375.0,11.03,1.0,1.0,0.0,0.0,0.0,0.0,0.0,0.0,375.0,0.0,52.5,2017,121.0,112.0
228,262,Gerald Everett,LAR,TE,23.0,16.0,2.0,0.0,0.0,0.0,0.0,1.0,13.0,32.0,16.0,244.0,15.25,1.0,1.0,0.0,0.0,0.0,13.0,0.0,1.0,244.0,2.0,43.7,2017,307.0,247.0
229,264,Tyler Higbee,LAR,TE,24.0,16.0,16.0,0.0,0.0,0.0,0.0,0.0,0.0,45.0,25.0,295.0,11.8,0.0,0.0,0.0,0.0,0.0,0.0,0.0,0.0,295.0,1.0,48.0,2017,259.0,314.0
230,266,Ricardo Louis,CLE,WR,23.0,16.0,9.0,0.0,0.0,0.0,0.0,0.0,0.0,61.0,27.0,357.0,13.22,0.0,0.0,0.0,0.0,0.0,0.0,0.0,0.0,357.0,0.0,49.2,2017,375.0,
231,267,Zach Miller,CHI,TE,33.0,8.0,6.0,0.0,0.0,0.0,0.0,0.0,0.0,35.0,20.0,236.0,11.8,0.0,0.0,0.0,0.0,0.0,0.0,0.0,0.0,236.0,2.0,45.6,2017,209.0,269.0
232,268,Tyler Boyd,CIN,WR,23.0,10.0,1.0,0.0,0.0,0.0,0.0,0.0,0.0,32.0,22.0,225.0,10.23,0.0,0.0,0.0,0.0,0.0,0.0,0.0,0.0,225.0,2.0,45.5,2017,245.0,317.0
233,269,Chester Rogers,IND,WR,23.0,11.0,4.0,0.0,0.0,0.0,0.0,3.0,8.0,37.0,23.0,284.0,12.35,0.0,0.0,0.0,0.0,0.0,8.0,0.0,3.0,284.0,1.0,46.7,2017,349.0,
234,271,A.J. Derby,2TM,TE,26.0,11.0,1.0,0.0,0.0,0.0,0.0,0.0,0.0,40.0,21.0,244.0,11.62,1.0,1.0,0.0,0.0,0.0,0.0,0.0,0.0,244.0,2.0,44.9,2017,323.0,
235,273,Mike Glennon,CHI,QB,28.0,4.0,4.0,93.0,140.0,833.0,5.0,4.0,4.0,0.0,0.0,0.0,0.0,5.0,3.0,833.0,4.0,140.0,4.0,0.0,4.0,0.0,0.0,33.72,2017,255.0,345.0
236,275,Wendell Smallwood,PHI,RB,23.0,8.0,3.0,0.0,0.0,0.0,0.0,47.0,174.0,18.0,13.0,103.0,7.92,0.0,0.0,0.0,0.0,0.0,174.0,1.0,47.0,103.0,0.0,40.2,2017,176.0,178.0
237,277,Chris Carson,SEA,RB,23.0,4.0,3.0,0.0,0.0,0.0,0.0,49.0,208.0,8.0,7.0,59.0,8.43,0.0,0.0,0.0,0.0,0.0,208.0,0.0,49.0,59.0,1.0,36.2,2017,251.0,207.0
238,278,Jordan Reed,WAS,TE,27.0,6.0,5.0,0.0,0.0,0.0,0.0,0.0,0.0,35.0,27.0,211.0,7.81,1.0,0.0,0.0,0.0,0.0,0.0,0.0,0.0,211.0,2.0,46.6,2017,56.0,51.0
239,279,Taywan Taylor,TEN,WR,22.0,16.0,4.0,0.0,0.0,0.0,0.0,8.0,43.0,28.0,16.0,231.0,14.44,0.0,0.0,0.0,0.0,0.0,43.0,0.0,8.0,231.0,1.0,41.4,2017,311.0,
240,281,Jordan Matthews,BUF,WR,25.0,10.0,7.0,0.0,0.0,0.0,0.0,0.0,0.0,36.0,25.0,282.0,11.28,1.0,1.0,0.0,0.0,0.0,0.0,0.0,0.0,282.0,1.0,44.7,2017,110.0,144.0
241,283,Adam Shaheen,CHI,TE,23.0,13.0,7.0,0.0,0.0,0.0,0.0,0.0,0.0,14.0,12.0,127.0,10.58,0.0,0.0,0.0,0.0,0.0,0.0,0.0,0.0,127.0,3.0,36.7,2017,347.0,376.0
242,284,Tavon Austin,LAR,WR,27.0,16.0,9.0,0.0,0.0,0.0,0.0,59.0,270.0,22.0,13.0,47.0,3.62,5.0,4.0,0.0,0.0,0.0,270.0,1.0,59.0,47.0,0.0,36.2,2017,215.0,231.0
243,287,Andre Holmes,BUF,WR,29.0,14.0,2.0,0.0,0.0,0.0,0.0,0.0,0.0,22.0,13.0,120.0,9.23,0.0,0.0,0.0,0.0,0.0,0.0,0.0,0.0,120.0,3.0,36.5,2017,337.0,
244,288,Terrelle Pryor,WAS,WR,28.0,9.0,2.0,0.0,0.0,0.0,0.0,0.0,0.0,37.0,20.0,240.0,12.0,0.0,0.0,0.0,0.0,0.0,0.0,0.0,0.0,240.0,1.0,40.0,2017,35.0,34.0
245,289,Martellus Bennett,2TM,TE,30.0,9.0,7.0,0.0,0.0,0.0,0.0,0.0,0.0,44.0,30.0,286.0,9.53,0.0,0.0,0.0,0.0,0.0,0.0,0.0,0.0,286.0,0.0,43.6,2017,96.0,82.0
246,290,Mack Hollins,PHI,WR,24.0,16.0,0.0,0.0,0.0,0.0,0.0,0.0,0.0,22.0,16.0,226.0,14.13,0.0,0.0,0.0,0.0,0.0,0.0,0.0,0.0,226.0,1.0,36.6,2017,363.0,373.0
247,293,Russell Shepard,CAR,WR,27.0,15.0,3.0,0.0,0.0,0.0,0.0,2.0,19.0,32.0,17.0,202.0,11.88,1.0,0.0,0.0,0.0,0.0,19.0,0.0,2.0,202.0,1.0,36.6,2017,424.0,
248,296,Sam Bradford,MIN,QB,30.0,2.0,2.0,32.0,43.0,382.0,0.0,2.0,-3.0,0.0,0.0,0.0,0.0,0.0,0.0,382.0,3.0,43.0,-3.0,0.0,2.0,0.0,0.0,26.98,2017,156.0,194.0
249,300,Lance Kendricks,GNB,TE,29.0,16.0,9.0,0.0,0.0,0.0,0.0,0.0,0.0,35.0,18.0,203.0,11.28,0.0,0.0,0.0,0.0,0.0,0.0,0.0,0.0,203.0,1.0,35.3,2017,352.0,396.0
250,301,Terrance West,BAL,RB,26.0,5.0,4.0,0.0,0.0,0.0,0.0,39.0,138.0,4.0,2.0,23.0,11.5,1.0,1.0,0.0,0.0,0.0,138.0,2.0,39.0,23.0,0.0,27.1,2017,83.0,96.0
251,302,Danny Woodhead,BAL,RB,32.0,8.0,0.0,0.0,0.0,0.0,0.0,14.0,56.0,39.0,33.0,200.0,6.06,0.0,0.0,0.0,0.0,0.0,56.0,0.0,14.0,200.0,0.0,42.1,2017,79.0,86.0
252,303,Virgil Green,DEN,TE,29.0,16.0,16.0,0.0,0.0,0.0,0.0,0.0,0.0,22.0,14.0,191.0,13.64,0.0,0.0,0.0,0.0,0.0,0.0,0.0,0.0,191.0,1.0,32.1,2017,384.0,354.0
253,304,Vance McDonald,PIT,TE,27.0,10.0,7.0,0.0,0.0,0.0,0.0,0.0,0.0,24.0,14.0,188.0,13.43,0.0,0.0,0.0,0.0,0.0,0.0,0.0,0.0,188.0,1.0,31.799999999999997,2017,220.0,230.0
254,305,Greg Olsen,CAR,TE,32.0,7.0,7.0,0.0,0.0,0.0,0.0,0.0,0.0,38.0,17.0,191.0,11.24,0.0,0.0,0.0,0.0,0.0,0.0,0.0,0.0,191.0,1.0,33.6,2017,50.0,47.0
255,308,Ryan Griffin,HOU,TE,27.0,7.0,6.0,0.0,0.0,0.0,0.0,0.0,0.0,26.0,13.0,158.0,12.15,0.0,0.0,0.0,0.0,0.0,0.0,0.0,0.0,158.0,1.0,28.299999999999997,2017,374.0,
256,309,Jeremy Kerley,NYJ,WR,29.0,8.0,2.0,0.0,0.0,0.0,0.0,0.0,0.0,27.0,22.0,217.0,9.86,3.0,2.0,0.0,0.0,0.0,0.0,0.0,0.0,217.0,1.0,34.7,2017,284.0,333.0
257,310,Dion Sims,CHI,TE,26.0,14.0,14.0,0.0,0.0,0.0,0.0,0.0,0.0,29.0,15.0,180.0,12.0,0.0,0.0,0.0,0.0,0.0,0.0,0.0,0.0,180.0,1.0,31.5,2017,338.0,
258,311,Geronimo Allison,GNB,WR,23.0,15.0,2.0,0.0,0.0,0.0,0.0,0.0,0.0,39.0,23.0,253.0,11.0,2.0,1.0,0.0,0.0,0.0,0.0,0.0,0.0,253.0,0.0,34.8,2017,389.0,319.0
259,313,Eddie Lacy,SEA,RB,27.0,9.0,3.0,0.0,0.0,0.0,0.0,69.0,179.0,6.0,6.0,47.0,7.83,0.0,0.0,0.0,0.0,0.0,179.0,0.0,69.0,47.0,0.0,25.6,2017,98.0,90.0
260,314,Thomas Rawls,SEA,RB,24.0,12.0,3.0,0.0,0.0,0.0,0.0,58.0,157.0,13.0,9.0,94.0,10.44,1.0,1.0,0.0,0.0,0.0,157.0,0.0,58.0,94.0,0.0,27.599999999999994,2017,114.0,101.0
261,315,Nick Boyle,BAL,TE,24.0,15.0,11.0,0.0,0.0,0.0,0.0,0.0,0.0,37.0,28.0,203.0,7.25,0.0,0.0,0.0,0.0,0.0,0.0,0.0,0.0,203.0,0.0,34.3,2017,383.0,
262,316,Travaris Cadet,2TM,RB,28.0,9.0,0.0,0.0,0.0,0.0,0.0,23.0,96.0,19.0,16.0,119.0,7.44,0.0,0.0,0.0,0.0,0.0,96.0,0.0,23.0,119.0,0.0,29.5,2017,441.0,
263,318,Braxton Miller,HOU,WR,25.0,11.0,3.0,0.0,0.0,0.0,0.0,1.0,1.0,29.0,19.0,162.0,8.53,0.0,0.0,0.0,0.0,0.0,1.0,0.0,1.0,162.0,1.0,31.799999999999997,2017,283.0,329.0
264,319,Richard Rodgers,GNB,TE,25.0,15.0,1.0,0.0,0.0,0.0,0.0,0.0,0.0,19.0,12.0,160.0,13.33,0.0,0.0,0.0,0.0,0.0,0.0,0.0,0.0,160.0,1.0,28.0,2017,390.0,290.0
265,321,Demarcus Robinson,KAN,WR,23.0,16.0,8.0,0.0,0.0,0.0,0.0,0.0,0.0,39.0,21.0,212.0,10.1,0.0,0.0,0.0,0.0,0.0,0.0,0.0,0.0,212.0,0.0,31.700000000000003,2017,433.0,
266,322,Phillip Dorsett,NWE,WR,24.0,15.0,2.0,0.0,0.0,0.0,0.0,1.0,7.0,18.0,12.0,194.0,16.17,0.0,0.0,0.0,0.0,0.0,7.0,0.0,1.0,194.0,0.0,26.1,2017,304.0,351.0
267,323,Laquon Treadwell,MIN,WR,22.0,16.0,7.0,0.0,0.0,0.0,0.0,0.0,0.0,35.0,20.0,200.0,10.0,1.0,0.0,0.0,0.0,0.0,0.0,0.0,0.0,200.0,0.0,30.0,2017,261.0,316.0
268,327,Eli Rogers,PIT,WR,25.0,14.0,4.0,0.0,0.0,0.0,0.0,0.0,0.0,36.0,18.0,149.0,8.28,1.0,1.0,0.0,0.0,0.0,0.0,0.0,0.0,149.0,1.0,27.9,2017,249.0,356.0
269,328,Chris Conley,KAN,WR,25.0,5.0,5.0,0.0,0.0,0.0,0.0,0.0,0.0,16.0,11.0,175.0,15.91,0.0,0.0,0.0,0.0,0.0,0.0,0.0,0.0,175.0,0.0,23.0,2017,218.0,276.0
270,330,Curtis Samuel,CAR,WR,21.0,9.0,4.0,0.0,0.0,0.0,0.0,4.0,64.0,26.0,15.0,115.0,7.67,0.0,0.0,0.0,0.0,0.0,64.0,0.0,4.0,115.0,0.0,25.4,2017,233.0,262.0
271,334,Kenjon Barner,PHI,RB,27.0,13.0,1.0,0.0,0.0,0.0,0.0,16.0,57.0,8.0,5.0,56.0,11.2,3.0,0.0,0.0,0.0,0.0,57.0,1.0,16.0,56.0,0.0,19.8,2017,412.0,360.0
272,338,Robert Turbin,IND,RB,28.0,6.0,1.0,0.0,0.0,0.0,0.0,23.0,53.0,11.0,9.0,56.0,6.22,0.0,0.0,0.0,0.0,0.0,53.0,1.0,23.0,56.0,0.0,21.4,2017,210.0,273.0
273,339,Cameron Artis-Payne,CAR,RB,27.0,13.0,0.0,0.0,0.0,0.0,0.0,18.0,95.0,1.0,1.0,2.0,2.0,0.0,0.0,0.0,0.0,0.0,95.0,1.0,18.0,2.0,0.0,16.2,2017,361.0,369.0
274,340,Chris Johnson,ARI,RB,32.0,4.0,3.0,0.0,0.0,0.0,0.0,45.0,114.0,6.0,5.0,43.0,8.6,0.0,0.0,0.0,0.0,0.0,114.0,0.0,45.0,43.0,0.0,18.200000000000006,2017,371.0,313.0
275,342,Josh Reynolds,LAR,WR,22.0,16.0,1.0,0.0,0.0,0.0,0.0,0.0,0.0,24.0,11.0,104.0,9.45,0.0,0.0,0.0,0.0,0.0,0.0,0.0,0.0,104.0,1.0,21.9,2017,359.0,401.0
276,343,Dwayne Allen,NWE,TE,27.0,16.0,8.0,0.0,0.0,0.0,0.0,0.0,0.0,22.0,10.0,86.0,8.6,0.0,0.0,0.0,0.0,0.0,0.0,0.0,0.0,86.0,1.0,19.6,2017,208.0,256.0
277,347,Paxton Lynch,DEN,QB,23.0,2.0,2.0,30.0,45.0,295.0,3.0,5.0,30.0,0.0,0.0,0.0,0.0,2.0,1.0,295.0,2.0,45.0,30.0,0.0,5.0,0.0,0.0,14.8,2017,368.0,367.0
278,348,Brandon Marshall,NYG,WR,33.0,5.0,5.0,0.0,0.0,0.0,0.0,0.0,0.0,33.0,18.0,154.0,8.56,0.0,0.0,0.0,0.0,0.0,0.0,0.0,0.0,154.0,0.0,24.4,2017,70.0,74.0
279,351,James Conner,PIT,RB,22.0,14.0,0.0,0.0,0.0,0.0,0.0,32.0,144.0,1.0,0.0,0.0,0.0,0.0,0.0,0.0,0.0,0.0,144.0,0.0,32.0,0.0,0.0,14.4,2017,235.0,182.0
280,354,Josh Hill,NOR,TE,27.0,16.0,11.0,0.0,0.0,0.0,0.0,1.0,-8.0,22.0,16.0,125.0,7.81,2.0,2.0,0.0,0.0,0.0,-8.0,0.0,1.0,125.0,1.0,21.700000000000006,2017,428.0,
281,358,Paul Perkins,NYG,RB,23.0,11.0,4.0,0.0,0.0,0.0,0.0,41.0,90.0,10.0,8.0,46.0,5.75,0.0,0.0,0.0,0.0,0.0,90.0,0.0,41.0,46.0,0.0,17.6,2017,81.0,83.0
282,361,Kamar Aiken,IND,WR,28.0,15.0,7.0,0.0,0.0,0.0,0.0,0.0,0.0,44.0,15.0,133.0,8.87,0.0,0.0,0.0,0.0,0.0,0.0,0.0,0.0,133.0,0.0,20.8,2017,292.0,347.0
283,364,Pharoh Cooper,LAR,WR,22.0,16.0,1.0,0.0,0.0,0.0,0.0,1.0,6.0,19.0,11.0,84.0,7.64,3.0,1.0,0.0,0.0,0.0,6.0,0.0,1.0,84.0,0.0,12.5,2017,406.0,
284,365,C.J. Fiedorowicz,HOU,TE,26.0,5.0,5.0,0.0,0.0,0.0,0.0,0.0,0.0,22.0,14.0,127.0,9.07,0.0,0.0,0.0,0.0,0.0,0.0,0.0,0.0,127.0,0.0,19.7,2017,150.0,219.0
285,366,Jeremy Hill,CIN,RB,25.0,7.0,7.0,0.0,0.0,0.0,0.0,37.0,116.0,4.0,4.0,16.0,4.0,1.0,0.0,0.0,0.0,0.0,116.0,0.0,37.0,16.0,0.0,15.2,2017,124.0,129.0
286,370,Fozzy Whittaker,CAR,RB,28.0,12.0,0.0,0.0,0.0,0.0,0.0,7.0,18.0,6.0,5.0,47.0,9.4,0.0,0.0,0.0,0.0,0.0,18.0,0.0,7.0,47.0,1.0,15.0,2017,439.0,384.0
287,371,Maxx Williams,BAL,TE,23.0,11.0,8.0,0.0,0.0,0.0,0.0,2.0,6.0,18.0,15.0,86.0,5.73,1.0,1.0,0.0,0.0,0.0,6.0,0.0,2.0,86.0,1.0,20.700000000000006,2017,332.0,388.0
288,376,Lance Dunbar,LAR,RB,27.0,4.0,0.0,0.0,0.0,0.0,0.0,11.0,51.0,3.0,1.0,1.0,1.0,0.0,0.0,0.0,0.0,0.0,51.0,1.0,11.0,1.0,0.0,11.7,2017,348.0,400.0
289,381,Branden Oliver,LAC,RB,26.0,8.0,0.0,0.0,0.0,0.0,0.0,35.0,83.0,11.0,6.0,26.0,4.33,0.0,0.0,0.0,0.0,0.0,83.0,0.0,35.0,26.0,0.0,13.899999999999999,2017,270.0,263.0
290,382,C.J. Prosise,SEA,RB,23.0,5.0,0.0,0.0,0.0,0.0,0.0,11.0,23.0,11.0,6.0,87.0,14.5,0.0,0.0,0.0,0.0,0.0,23.0,0.0,11.0,87.0,0.0,14.0,2017,137.0,139.0
291,384,Darren Sproles,PHI,RB,34.0,3.0,0.0,0.0,0.0,0.0,0.0,15.0,61.0,12.0,7.0,73.0,10.43,1.0,1.0,0.0,0.0,0.0,61.0,0.0,15.0,73.0,0.0,14.899999999999999,2017,130.0,137.0
292,385,ArDarius Stewart,NYJ,WR,24.0,15.0,2.0,0.0,0.0,0.0,0.0,7.0,27.0,13.0,6.0,82.0,13.67,0.0,0.0,0.0,0.0,0.0,27.0,0.0,7.0,82.0,0.0,13.899999999999999,2017,253.0,255.0
293,387,Patrick Mahomes,KAN,QB,22.0,1.0,1.0,22.0,35.0,284.0,1.0,7.0,10.0,0.0,0.0,0.0,0.0,0.0,0.0,284.0,0.0,35.0,10.0,0.0,7.0,0.0,0.0,10.36,2017,398.0,305.0
294,390,Niles Paul,WAS,TE,28.0,14.0,8.0,0.0,0.0,0.0,0.0,2.0,4.0,19.0,13.0,94.0,7.23,0.0,0.0,0.0,0.0,0.0,4.0,0.0,2.0,94.0,0.0,16.3,2017,393.0,
295,394,Jaelen Strong,2TM,WR,23.0,2.0,0.0,0.0,0.0,0.0,0.0,0.0,0.0,4.0,3.0,38.0,12.67,0.0,0.0,0.0,0.0,0.0,0.0,0.0,0.0,38.0,1.0,11.3,2017,315.0,380.0
296,397,Mike Williams,LAC,WR,23.0,10.0,1.0,0.0,0.0,0.0,0.0,0.0,0.0,23.0,11.0,95.0,8.64,0.0,0.0,0.0,0.0,0.0,0.0,0.0,0.0,95.0,0.0,15.0,2017,230.0,214.0
297,399,Xavier Grimble,PIT,TE,25.0,15.0,2.0,0.0,0.0,0.0,0.0,0.0,0.0,9.0,5.0,32.0,6.4,0.0,0.0,0.0,0.0,0.0,0.0,0.0,0.0,32.0,1.0,11.7,2017,434.0,
298,403,Ryan Switzer,DAL,WR,23.0,16.0,0.0,0.0,0.0,0.0,0.0,4.0,5.0,7.0,6.0,41.0,6.83,1.0,1.0,0.0,0.0,0.0,5.0,0.0,4.0,41.0,0.0,5.6,2017,422.0,340.0
299,406,Zach Zenner,DET,RB,26.0,8.0,0.0,0.0,0.0,0.0,0.0,14.0,26.0,1.0,0.0,0.0,0.0,0.0,0.0,0.0,0.0,0.0,26.0,1.0,14.0,0.0,0.0,8.6,2017,258.0,266.0
300,408,Michael Floyd,MIN,WR,28.0,11.0,1.0,0.0,0.0,0.0,0.0,0.0,0.0,17.0,10.0,78.0,7.8,0.0,0.0,0.0,0.0,0.0,0.0,0.0,0.0,78.0,0.0,12.8,2017,279.0,346.0
301,410,Breshad Perriman,BAL,WR,24.0,11.0,3.0,0.0,0.0,0.0,0.0,0.0,0.0,35.0,10.0,77.0,7.7,0.0,0.0,0.0,0.0,0.0,0.0,0.0,0.0,77.0,0.0,12.7,2017,166.0,213.0
302,411,Brian Quick,WAS,WR,28.0,11.0,1.0,0.0,0.0,0.0,0.0,0.0,0.0,8.0,6.0,76.0,12.67,0.0,0.0,0.0,0.0,0.0,0.0,0.0,0.0,76.0,0.0,10.6,2017,351.0,
303,418,Clive Walford,OAK,TE,26.0,13.0,0.0,0.0,0.0,0.0,0.0,0.0,0.0,13.0,9.0,80.0,8.89,0.0,0.0,0.0,0.0,0.0,0.0,0.0,0.0,80.0,0.0,12.5,2017,432.0,
304,422,Leonte Carroo,MIA,WR,23.0,14.0,0.0,0.0,0.0,0.0,0.0,0.0,0.0,12.0,7.0,69.0,9.86,0.0,0.0,0.0,0.0,0.0,0.0,0.0,0.0,69.0,0.0,10.4,2017,381.0,
305,423,Sammie Coates,CLE,WR,24.0,12.0,1.0,0.0,0.0,0.0,0.0,0.0,0.0,11.0,6.0,70.0,11.67,0.0,0.0,0.0,0.0,0.0,0.0,0.0,0.0,70.0,0.0,10.0,2017,330.0,
306,427,David Johnson,ARI,RB,26.0,1.0,1.0,0.0,0.0,0.0,0.0,11.0,23.0,9.0,6.0,67.0,11.17,2.0,1.0,0.0,0.0,0.0,23.0,0.0,11.0,67.0,0.0,10.0,2017,1.0,1.0
307,431,Willie Snead,NOR,WR,25.0,11.0,7.0,0.0,0.0,0.0,0.0,0.0,0.0,16.0,8.0,92.0,11.5,1.0,1.0,0.0,0.0,0.0,0.0,0.0,0.0,92.0,0.0,11.2,2017,100.0,87.0
308,438,Dwayne Washington,DET,RB,23.0,5.0,0.0,0.0,0.0,0.0,0.0,20.0,44.0,2.0,2.0,14.0,7.0,0.0,0.0,0.0,0.0,0.0,44.0,0.0,20.0,14.0,0.0,6.800000000000002,2017,322.0,
309,440,Chad Williams,ARI,WR,23.0,6.0,1.0,0.0,0.0,0.0,0.0,2.0,33.0,7.0,3.0,31.0,10.33,0.0,0.0,0.0,0.0,0.0,33.0,0.0,2.0,31.0,0.0,7.9,2017,343.0,
310,442,Tyler Eifert,CIN,TE,27.0,2.0,0.0,0.0,0.0,0.0,0.0,0.0,0.0,5.0,4.0,46.0,11.5,0.0,0.0,0.0,0.0,0.0,0.0,0.0,0.0,46.0,0.0,6.6,2017,73.0,68.0
311,453,Markus Wheaton,CHI,WR,26.0,11.0,0.0,0.0,0.0,0.0,0.0,0.0,0.0,17.0,3.0,51.0,17.0,0.0,0.0,0.0,0.0,0.0,0.0,0.0,0.0,51.0,0.0,6.6,2017,314.0,328.0
312,454,Jared Abbrederis,DET,WR,27.0,7.0,0.0,0.0,0.0,0.0,0.0,0.0,0.0,7.0,3.0,44.0,14.67,0.0,0.0,0.0,0.0,0.0,0.0,0.0,0.0,44.0,0.0,5.9,2017,392.0,
313,459,Matthew Dayes,CLE,RB,23.0,16.0,0.0,0.0,0.0,0.0,0.0,5.0,13.0,5.0,4.0,29.0,7.25,0.0,0.0,0.0,0.0,0.0,13.0,0.0,5.0,29.0,0.0,6.200000000000001,2017,409.0,
314,465,Will Tye,NYJ,TE,26.0,3.0,1.0,0.0,0.0,0.0,0.0,0.0,0.0,6.0,4.0,38.0,9.5,0.0,0.0,0.0,0.0,0.0,0.0,0.0,0.0,38.0,0.0,5.8,2017,373.0,
315,473,Cody Kessler,CLE,QB,24.0,3.0,0.0,11.0,23.0,126.0,1.0,1.0,-1.0,0.0,0.0,0.0,0.0,0.0,0.0,126.0,0.0,23.0,-1.0,0.0,1.0,0.0,0.0,2.94,2017,326.0,358.0
316,495,Allen Robinson,JAX,WR,24.0,1.0,1.0,0.0,0.0,0.0,0.0,0.0,0.0,1.0,1.0,17.0,17.0,0.0,0.0,0.0,0.0,0.0,0.0,0.0,0.0,17.0,0.0,2.2,2017,40.0,48.0
317,506,Matt Jones,IND,RB,24.0,5.0,0.0,0.0,0.0,0.0,0.0,5.0,14.0,0.0,0.0,0.0,0.0,0.0,0.0,0.0,0.0,0.0,14.0,0.0,5.0,0.0,0.0,1.4,2017,290.0,318.0
318,512,Scott Tolzien,IND,QB,30.0,1.0,1.0,9.0,18.0,128.0,2.0,2.0,2.0,0.0,0.0,0.0,0.0,1.0,0.0,128.0,0.0,18.0,2.0,0.0,2.0,0.0,0.0,1.32,2017,411.0,
319,515,Kevin White,CHI,WR,25.0,1.0,1.0,0.0,0.0,0.0,0.0,0.0,0.0,4.0,2.0,6.0,3.0,0.0,0.0,0.0,0.0,0.0,0.0,0.0,0.0,6.0,0.0,1.6,2017,133.0,156.0
320,517,Joe Banyard,BUF,0,29.0,3.0,0.0,0.0,0.0,0.0,0.0,0.0,0.0,0.0,0.0,0.0,0.0,0.0,0.0,0.0,0.0,0.0,0.0,0.0,0.0,0.0,0.0,0.0,2017,400.0,
321,549,Darren McFadden,DAL,RB,30.0,1.0,0.0,0.0,0.0,0.0,0.0,1.0,-2.0,0.0,0.0,0.0,0.0,0.0,0.0,0.0,0.0,0.0,-2.0,0.0,1.0,0.0,0.0,-0.2,2017,132.0,102.0
322,552,Charone Peake,NYJ,WR,25.0,3.0,0.0,0.0,0.0,0.0,0.0,0.0,0.0,1.0,1.0,3.0,3.0,0.0,0.0,0.0,0.0,0.0,0.0,0.0,0.0,3.0,0.0,0.8,2017,344.0,382.0
323,559,C.J. Spiller,KAN,RB,30.0,1.0,0.0,0.0,0.0,0.0,0.0,2.0,0.0,2.0,0.0,0.0,0.0,0.0,0.0,0.0,0.0,0.0,0.0,0.0,2.0,0.0,0.0,0.0,2017,366.0,292.0
324,563,Chad Henne,JAX,QB,32.0,2.0,0.0,0.0,2.0,0.0,0.0,5.0,-5.0,0.0,0.0,0.0,0.0,0.0,0.0,0.0,0.0,2.0,-5.0,0.0,5.0,0.0,0.0,-0.5,2017,333.0,
325,567,John Ross,CIN,WR,23.0,3.0,1.0,0.0,0.0,0.0,0.0,1.0,12.0,2.0,0.0,0.0,0.0,1.0,1.0,0.0,0.0,0.0,12.0,0.0,1.0,0.0,0.0,-0.8,2017,187.0,169.0
326,570,Teddy Bridgewater,MIN,QB,25.0,1.0,0.0,0.0,2.0,0.0,1.0,3.0,-3.0,0.0,0.0,0.0,0.0,0.0,0.0,0.0,0.0,2.0,-3.0,0.0,3.0,0.0,0.0,-2.3,2017,413.0,327.0
